"","probeset_id","Hypoxia","Weight","Length","Normal.Kinky","Condition.Factor","catchability","X"
"1","1#20723#WG1354735-DNA#A01.CEL",20.5,1.5,55,"n",0.901577761,1,NA
"2","2#20723#WG1354735-DNA#A02.CEL",19.2,1.17,54,"n",0.743026978,1,NA
"3","3#20723#WG1354735-DNA#A03.CEL",19.2,1.26,59,"n",0.61349992,1,NA
"4","5#20723#WG1354735-DNA#A05.CEL",18.2,1.25,53,"k",0.839619283,1,NA
"5","6#20723#WG1354735-DNA#A06.CEL",18.2,0.92,49,"n",0.781987097,1,NA
"6","7#20723#WG1354735-DNA#A07.CEL",17.9,1.24,54,"n",0.787481583,1,NA
"7","8#20723#WG1354735-DNA#A08.CEL",17.9,0.75,47,"n",0.722383287,1,NA
"8","9#20723#WG1354735-DNA#A09.CEL",17.8,1.02,52,"n",0.725421029,1,NA
"9","10#20723#WG1354735-DNA#A10.CEL",17.8,1.14,52,"n",0.810764679,1,NA
"10","11#20723#WG1354735-DNA#A11.CEL",17.7,1.42,57,"n",0.766767642,1,NA
"11","12#20723#WG1354735-DNA#A12.CEL",17.5,1.58,57,"n",0.853163996,1,NA
"12","13#20723#WG1354735-DNA#B01.CEL",17.5,1.8,63,"k",0.719864665,1,NA
"13","14#20723#WG1354735-DNA#B02.CEL",17.4,1.58,55,"k",0.949661908,1,NA
"14","15#20723#WG1354735-DNA#B03.CEL",17.3,1.8,61,"n",0.793017918,1,NA
"15","16#20723#WG1354735-DNA#B04.CEL",17.3,1.4,52,"n",0.995675922,1,NA
"16","17#20723#WG1354735-DNA#B05.CEL",17.2,1.54,54,"n",0.978001321,1,NA
"17","18#20723#WG1354735-DNA#B06.CEL",17.2,3.29,73,"n",0.845721395,1,NA
"18","19#20723#WG1354735-DNA#B07.CEL",17.1,3.35,76,"n",0.763139671,1,NA
"19","20#20723#WG1354735-DNA#B08.CEL",17,1.73,58,"n",0.88667022,1,NA
"20","21#20723#WG1354735-DNA#B09.CEL",16.9,1.33,51,"n",1.002630964,1,NA
"21","22#20723#WG1354735-DNA#B10.CEL",16.9,2.43,64,"n",0.926971436,1,NA
"22","23#20723#WG1354735-DNA#B11.CEL",16.8,2.69,67,"n",0.89439193,1,NA
"23","24#20723#WG1354735-DNA#B12.CEL",16.8,2.97,70,"n",0.865889213,1,NA
"24","25#20723#WG1354735-DNA#C01.CEL",16.8,1.16,52,"n",0.824988621,1,NA
"25","26#20723#WG1354735-DNA#C02.CEL",16.8,2.16,60,"n",1,1,NA
"26","27#20723#WG1354735-DNA#C03.CEL",16.8,1.58,54,"n",1.003403953,1,NA
"27","28#20723#WG1354735-DNA#C04.CEL",16.8,2.36,65,"n",0.859353664,1,NA
"28","29#20723#WG1354735-DNA#C05.CEL",16.7,1.98,59,"n",0.964071302,1,NA
"29","30#20723#WG1354735-DNA#C06.CEL",16.7,1.71,57,"n",0.923361034,1,NA
"30","31#20723#WG1354735-DNA#C07.CEL",16.7,2.12,60,"n",0.981481481,1,NA
"31","32#20723#WG1354735-DNA#C08.CEL",16.7,0.85,48,"n",0.768590856,1,NA
"32","33#20723#WG1354735-DNA#C09.CEL",16.7,3.06,69,"n",0.931481329,1,NA
"33","34#20723#WG1354735-DNA#C10.CEL",16.6,1.91,63,"n",0.763856395,1,NA
"34","35#20723#WG1293113-DNA#A01.CEL",16.6,4.22,76,"n",0.961328182,1,NA
"35","36#20723#WG1354735-DNA#C12.CEL",16.6,1.52,53,"n",1.020977048,1,NA
"36","37#20723#WG1354735-DNA#D01.CEL",16.6,2.12,59,"n",1.03223796,1,NA
"37","38#20723#WG1354735-DNA#D02.CEL",16.6,1.66,57,"n",0.896362174,1,NA
"38","39#20723#WG1354735-DNA#D03.CEL",16.6,3.06,70,"n",0.89212828,1,NA
"39","40#20723#WG1354735-DNA#D04.CEL",16.6,3.05,68,"n",0.970003053,1,NA
"40","41#20723#WG1354735-DNA#D05.CEL",16.3,1.63,56,"n",0.928161443,1,NA
"41","42#20723#WG1354735-DNA#D06.CEL",16,2.82,70,"n",0.822157434,1,NA
"42","43#20723#WG1354735-DNA#D07.CEL",15.9,3.08,73,"n",0.791739178,1,NA
"43","44#20723#WG1354735-DNA#D08.CEL",15.9,3.8,75,"n",0.900740741,1,NA
"44","45#20723#WG1354735-DNA#D09.CEL",15.7,2.58,65,"n",0.939462904,1,NA
"45","46#20723#WG1354735-DNA#D10.CEL",15.6,4.22,78,"n",0.889259765,1,NA
"46","48#20723#WG1354735-DNA#D12.CEL",15.5,2.65,67,"n",0.881092422,1,NA
"47","49#20723#WG1354735-DNA#E01.CEL",15.5,1.42,61,"n",0.625603024,1,NA
"48","50#20723#WG1354735-DNA#E02.CEL",15.4,4.32,80,"n",0.84375,1,NA
"49","51#20723#WG1354735-DNA#E03.CEL",15.4,3.19,70,"n",0.930029155,1,NA
"50","52#20723#WG1354735-DNA#E04.CEL",15.3,3.3,71,"n",0.922016926,1,NA
"51","53#20723#WG1354735-DNA#E05.CEL",15.3,2.56,64,"n",0.9765625,1,NA
"52","54#20723#WG1354735-DNA#E06.CEL",14.8,1.35,52,"n",0.960116067,1,NA
"53","55#20723#WG1354735-DNA#E07.CEL",14.8,3.36,72,"n",0.900205761,1,NA
"54","56#20723#WG1354735-DNA#E08.CEL",14.8,2,60,"n",0.925925926,1,NA
"55","57#20723#WG1354735-DNA#E09.CEL",14.8,3.01,72,"n",0.806434328,1,NA
"56","58#20723#WG1354735-DNA#E10.CEL",14.8,2.08,62,"n",0.872746803,1,NA
"57","59#20723#WG1354735-DNA#E11.CEL",14.7,6.3,93,"n",0.78323431,1,NA
"58","60#20723#WG1354735-DNA#E12.CEL",14.7,3.23,73,"n",0.830297905,1,NA
"59","61#20723#WG1354735-DNA#F01.CEL",14.7,3.9,78,"n",0.821827745,1,NA
"60","62#20723#WG1354735-DNA#F02.CEL",14.7,2.49,67,"n",0.827894389,1,NA
"61","63#20723#WG1354735-DNA#F03.CEL",14.6,4.2,78,"n",0.885045264,1,NA
"62","64#20723#WG1354735-DNA#F04.CEL",13.8,4.69,82,"n",0.85061157,1,NA
"63","65#20723#WG1354735-DNA#F05.CEL",13.8,3.36,72,"n",0.900205761,1,NA
"64","66#20723#WG1354735-DNA#F06.CEL",13.6,3.77,76,"n",0.858816883,1,NA
"65","67#20723#WG1354735-DNA#F07.CEL",13.6,2.15,65,"n",0.782885753,1,NA
"66","68#20723#WG1354735-DNA#F08.CEL",13.5,1.79,61,"n",0.788612263,1,NA
"67","69#20723#WG1354735-DNA#F09.CEL",13.5,2.44,65,"n",0.888484297,1,NA
"68","70#20723#WG1354735-DNA#F10.CEL",13.4,2.97,68,"n",0.94456035,1,NA
"69","71#20723#WG1354735-DNA#F11.CEL",13.2,2.87,68,"n",0.912756971,1,NA
"70","72#20723#WG1354735-DNA#F12.CEL",13.1,2.98,61,"n",1.312885219,1,NA
"71","73#20723#WG1354735-DNA#G01.CEL",13,2.44,68,"n",0.776002442,1,NA
"72","74#20723#WG1354735-DNA#G02.CEL",12.6,4.91,81,"n",0.923903124,1,NA
"73","75#20723#WG1354735-DNA#G03.CEL",12.6,5.86,82,"n",1.062811045,1,NA
"74","76#20723#WG1354735-DNA#G04.CEL",12.4,2.79,70,"n",0.813411079,1,NA
"75","77#20723#WG1354735-DNA#G05.CEL",12.4,2.58,65,"n",0.939462904,1,NA
"76","78#20723#WG1354735-DNA#G06.CEL",11.7,3.88,68,"n",1.233971097,1,NA
"77","79#20723#WG1354735-DNA#G07.CEL",11.2,1.95,61,"n",0.859102744,1,NA
"78","80#20723#WG1354735-DNA#G08.CEL",10.3,2.37,61,"n",1.044140258,1,NA
"79","81#20723#WG1354735-DNA#G09.CEL",18.7,1.25,50,"n",1,2,NA
"80","82#20723#WG1354735-DNA#G10.CEL",18.5,2.22,60,"n",1.027777778,2,NA
"81","83#20723#WG1354735-DNA#G11.CEL",18.2,1.59,57,"n",0.858563769,2,NA
"82","84#20723#WG1354735-DNA#G12.CEL",17.5,3.67,72,"n",0.98326046,2,NA
"83","85#20723#WG1354735-DNA#H01.CEL",17.3,1.18,53,"n",0.792600603,2,NA
"84","86#20723#WG1354735-DNA#H02.CEL",17.3,2.79,68,"n",0.887314268,2,NA
"85","87#20723#WG1354735-DNA#H03.CEL",16.8,1.96,63,"n",0.783852636,2,NA
"86","88#20723#WG1354735-DNA#H04.CEL",16.7,1.38,54,"n",0.876390794,2,NA
"87","89#20723#WG1354735-DNA#H05.CEL",16.7,1.39,53,"n",0.933656643,2,NA
"88","90#20723#WG1354735-DNA#H06.CEL",16.7,4.58,75,"n",1.08562963,2,NA
"89","91#20723#WG1354735-DNA#H07.CEL",16.7,1.78,57,"n",0.961159439,2,NA
"90","92#20723#WG1354735-DNA#H08.CEL",16.7,2.07,62,"n",0.868550905,2,NA
"91","93#20723#WG1354735-DNA#H09.CEL",16.6,2.84,69,"n",0.864512083,2,NA
"92","94#20723#WG1354735-DNA#H10.CEL",16.6,1.65,55,"n",0.991735537,2,NA
"93","95#20723#WG1354735-DNA#H11.CEL",16.6,1.92,60,"n",0.888888889,2,NA
"94","96#20723#WG1354736-DNA#A01.CEL",16.6,2.97,68,"n",0.94456035,2,NA
"95","97#20723#WG1354736-DNA#A02.CEL",16.6,2.48,70,"n",0.72303207,2,NA
"96","98#20723#WG1354736-DNA#A03.CEL",16.6,1.73,56,"n",0.985103863,2,NA
"97","99#20723#WG1354736-DNA#A04.CEL",16.6,2.19,63,"n",0.875835343,2,NA
"98","100#20723#WG1354736-DNA#A05.CEL",16.6,2.54,64,"n",0.968933105,2,NA
"99","101#20723#WG1354736-DNA#A06.CEL",16.6,2.76,65,"n",1.005006827,2,NA
"100","102#20723#WG1354736-DNA#A07.CEL",16.5,2.2,61,"n",0.969244122,2,NA
"101","103#20723#WG1354736-DNA#A08.CEL",16.4,1.93,60,"n",0.893518519,2,NA
"102","104#20723#WG1354736-DNA#A09.CEL",16.3,2.07,62,"n",0.868550905,2,NA
"103","105#20723#WG1354736-DNA#A10.CEL",16.2,3.4,70,"n",0.991253644,2,NA
"104","106#20723#WG1354736-DNA#A11.CEL",16.1,2.22,62,"n",0.931489376,2,NA
"105","107#20723#WG1354736-DNA#A12.CEL",16.1,3.66,71,"n",1.022600591,2,NA
"106","108#20723#WG1354736-DNA#B01.CEL",16,2.59,66,"n",0.900882099,2,NA
"107","109#20723#WG1354736-DNA#B02.CEL",15.8,3.8,74,"n",0.937752947,2,NA
"108","110#20723#WG1354736-DNA#B03.CEL",15.7,2.09,61,"n",0.920781916,2,NA
"109","111#20723#WG1354736-DNA#B04.CEL",15.1,1.98,56,"n",1.127459913,2,NA
"110","112#20723#WG1354736-DNA#B05.CEL",14.9,3.11,71,"n",0.868931103,2,NA
"111","113#20723#WG1354736-DNA#B06.CEL",14.9,3.7,73,"n",0.951115247,2,NA
"112","114#20723#WG1354736-DNA#B07.CEL",14.2,2.79,69,"n",0.8492918,2,NA
"113","115#20723#WG1293113-DNA#A02.CEL",14,2.45,63,"n",0.979815795,2,NA
"114","116#20723#WG1354736-DNA#B09.CEL",13.2,4.16,72,"n",1.114540466,2,NA
"115","117#20723#WG1354736-DNA#B10.CEL",12.9,2.89,71,"n",0.807463308,2,NA
"116","118#20723#WG1354736-DNA#B11.CEL",12.9,2.62,62,"n",1.0993253,2,NA
"117","119#20723#WG1354736-DNA#B12.CEL",19,1.94,61,"k",0.854697089,3,NA
"118","121#20723#WG1354736-DNA#C02.CEL",17,4.85,85,"n",0.789741502,3,NA
"119","122#20723#WG1354736-DNA#C03.CEL",17,1,51,"n",0.753857868,3,NA
"120","123#20723#WG1354736-DNA#C04.CEL",16.9,2.79,68,"n",0.887314268,3,NA
"121","124#20723#WG1354736-DNA#C05.CEL",15.9,1.72,60,"k",0.796296296,3,NA
"122","125#20723#WG1354736-DNA#C06.CEL",15.7,1.52,58,"n",0.779039731,3,NA
"123","126#20723#WG1354736-DNA#C07.CEL",15.5,3.31,75,"k",0.784592593,3,NA
"124","127#20723#WG1354736-DNA#C08.CEL",15.5,1.59,56,"n",0.905384475,3,NA
"125","128#20723#WG1354736-DNA#C09.CEL",15.5,3.52,74,"n",0.868655361,3,NA
"126","129#20723#WG1354736-DNA#C10.CEL",15.5,3.38,75,"n",0.801185185,3,NA
"127","130#20723#WG1354736-DNA#C11.CEL",15.5,1.75,60,"n",0.810185185,3,NA
"128","132#20723#WG1354736-DNA#D01.CEL",15.1,2.69,68,"n",0.855510889,3,NA
"129","133#20723#WG1354736-DNA#D02.CEL",15,1.59,60,"n",0.736111111,3,NA
"130","134#20723#WG1354736-DNA#D03.CEL",14.9,4.21,77,"n",0.922167729,3,NA
"131","135#20723#WG1354736-DNA#D04.CEL",14.8,2.43,70,"n",0.70845481,3,NA
"132","136#20723#WG1354736-DNA#D05.CEL",14.8,2.38,68,"n",0.756920415,3,NA
"133","137#20723#WG1354736-DNA#D06.CEL",14.8,1.88,60,"n",0.87037037,3,NA
"134","138#20723#WG1354736-DNA#D07.CEL",14.5,1.93,60,"n",0.893518519,3,NA
"135","139#20723#WG1354736-DNA#D08.CEL",14.4,3.74,71,"n",1.044952516,3,NA
"136","140#20723#WG1354736-DNA#D09.CEL",14.4,3.24,74,"n",0.799557775,3,NA
"137","141#20723#WG1354736-DNA#D10.CEL",14.4,2.43,65,"n",0.884842968,3,NA
"138","142#20723#WG1354736-DNA#D11.CEL",13.9,1.96,58,"n",1.004551232,3,NA
"139","143#20723#WG1354736-DNA#D12.CEL",13.7,3.05,76,"n",0.694798804,3,NA
"140","144#20723#WG1354736-DNA#E01.CEL",13.7,1.53,60,"n",0.708333333,3,NA
"141","145#20723#WG1354736-DNA#E02.CEL",13.4,2.28,65,"n",0.830223031,3,NA
"142","146#20723#WG1354736-DNA#E03.CEL",13.4,3.63,76,"n",0.826924479,3,NA
"143","148#20723#WG1354736-DNA#E05.CEL",13.1,2.75,67,"n",0.914341192,3,NA
"144","149#20723#WG1354736-DNA#E06.CEL",13,1.34,54,"n",0.850988162,3,NA
"145","150#20723#WG1354736-DNA#E07.CEL",13,3.62,75,"n",0.858074074,3,NA
"146","151#20723#WG1354736-DNA#E08.CEL",12.9,2.7,79,"n",0.547624022,3,NA
"147","152#20723#WG1354736-DNA#E09.CEL",12.8,2.32,67,"n",0.771371479,3,NA
"148","153#20723#WG1354736-DNA#E10.CEL",12.8,1.95,63,"n",0.779853388,3,NA
"149","154#20723#WG1354736-DNA#E11.CEL",12.4,1.49,57,"n",0.804566047,3,NA
"150","155#20723#WG1354736-DNA#E12.CEL",11.8,4.2,79,"n",0.851859589,3,NA
"151","156#20723#WG1354736-DNA#F01.CEL",11.8,3.36,75,"n",0.796444444,3,NA
"152","157#20723#WG1354736-DNA#F02.CEL",11.7,4.53,81,"n",0.85239942,3,NA
"153","158#20723#WG1354736-DNA#F03.CEL",11.4,5.3,81,"n",0.997288504,3,NA
"154","160#20723#WG1354736-DNA#F05.CEL",11.3,2.35,65,"n",0.855712335,3,NA
"155","161#20723#WG1354736-DNA#F06.CEL",11.2,3.35,73,"n",0.861144886,3,NA
"156","162#20723#WG1354736-DNA#F07.CEL",11.2,1.86,61,"n",0.819451848,3,NA
"157","163#20723#WG1354736-DNA#F08.CEL",11,3.32,74,"n",0.819299943,3,NA
"158","164#20723#WG1354736-DNA#F09.CEL",11,2.1,62,"n",0.881138599,3,NA
"159","166#20723#WG1354736-DNA#F11.CEL",11,2.7,68,"n",0.858691227,3,NA
"160","167#20723#WG1354736-DNA#F12.CEL",10.9,2.44,66,"n",0.84870746,3,NA
"161","168#20723#WG1354736-DNA#G01.CEL",9.9,1.68,58,"n",0.861043913,3,NA
"162","169#20723#WG1354736-DNA#G02.CEL",9.7,2.15,63,"n",0.85983835,3,NA
"163","170#20723#WG1354736-DNA#G03.CEL",19.7,1.31,55,"k",0.787377911,1,NA
"164","171#20723#WG1354736-DNA#G04.CEL",19.5,1.06,51,"n",0.79908934,1,NA
"165","172#20723#WG1354736-DNA#G05.CEL",19.3,1.2,53,"n",0.806034512,1,NA
"166","173#20723#WG1354736-DNA#G06.CEL",18.7,1.63,60,"n",0.75462963,1,NA
"167","174#20723#WG1354736-DNA#G07.CEL",18.1,1.05,52,"n",0.746756941,1,NA
"168","175#20723#WG1354736-DNA#G08.CEL",17.9,1.75,60,"n",0.810185185,1,NA
"169","176#20723#WG1354736-DNA#G09.CEL",17.7,0.43,39,"n",0.724894216,1,NA
"170","177#20723#WG1354736-DNA#G10.CEL",17.7,0.68,45,"n",0.746227709,1,NA
"171","178#20723#WG1354736-DNA#G11.CEL",17.6,1.23,49,"k",1.04548275,1,NA
"172","179#20723#WG1354736-DNA#G12.CEL",17.6,1.24,50,"n",0.992,1,NA
"173","180#20723#WG1354736-DNA#H01.CEL",17.6,1.27,52,"n",0.9032203,1,NA
"174","181#20723#WG1293113-DNA#A03.CEL",16.5,1.33,56,"k",0.757334184,1,NA
"175","182#20723#WG1354736-DNA#H03.CEL",16.3,3.7,79,"k",0.750447733,1,NA
"176","183#20723#WG1354736-DNA#H04.CEL",16.3,1.95,60,"n",0.902777778,1,NA
"177","184#20723#WG1354736-DNA#H05.CEL",16.3,0.92,46,"n",0.945179584,1,NA
"178","185#20723#WG1354736-DNA#H06.CEL",16.2,2.67,66,"n",0.928708573,1,NA
"179","186#20723#WG1354736-DNA#H07.CEL",16.1,1.83,63,"k",0.73186241,1,NA
"180","187#20723#WG1354736-DNA#H08.CEL",16.1,1.09,50,"n",0.872,1,NA
"181","188#20723#WG1354736-DNA#H09.CEL",16.1,0.95,54,"k",0.603312503,1,NA
"182","189#20723#WG1354736-DNA#H10.CEL",16,2.9,74,"n",0.715653564,1,NA
"183","190#20723#WG1354736-DNA#H11.CEL",15.7,1.46,59,"k",0.710880859,1,NA
"184","191#20723#WG1354737-DNA#A01.CEL",15.7,1.22,48,"n",1.103153935,1,NA
"185","192#20723#WG1293113-DNA#A04.CEL",15.6,1.08,52,"n",0.768092854,1,NA
"186","193#20723#WG1354737-DNA#A03.CEL",15.4,1.59,58,"n",0.814916561,1,NA
"187","194#20723#WG1354737-DNA#A04.CEL",15.4,2.69,66,"n",0.935665192,1,NA
"188","195#20723#WG1354737-DNA#A05.CEL",15.3,1.1,52,"k",0.782316796,1,NA
"189","196#20723#WG1354737-DNA#A06.CEL",15.3,1.09,52,"n",0.775204825,1,NA
"190","197#20723#WG1354737-DNA#A07.CEL",15.3,1.19,48,"n",1.076027199,1,NA
"191","198#20723#WG1354737-DNA#A08.CEL",15.3,1.95,63,"k",0.779853388,1,NA
"192","199#20723#WG1354737-DNA#A09.CEL",15.3,3.5,76,"k",0.797310104,1,NA
"193","200#20723#WG1354737-DNA#A10.CEL",15.3,1.49,56,"k",0.848442055,1,NA
"194","201#20723#WG1293113-DNA#A05.CEL",15.3,1.41,53,"n",0.947090551,1,NA
"195","202#20723#WG1354737-DNA#A12.CEL",15,1.36,53,"k",0.91350578,1,NA
"196","203#20723#WG1354737-DNA#B01.CEL",14.9,5.05,85,"n",0.822308162,1,NA
"197","204#20723#WG1354737-DNA#B02.CEL",14.8,0.72,42,"n",0.971817298,1,NA
"198","205#20723#WG1354737-DNA#B03.CEL",14.7,2.42,67,"k",0.804620249,1,NA
"199","206#20723#WG1354737-DNA#B04.CEL",14.6,5.25,85,"n",0.854874822,1,NA
"200","207#20723#WG1354737-DNA#B05.CEL",14.6,1.95,59,"k",0.949464161,1,NA
"201","208#20723#WG1354737-DNA#B06.CEL",14.3,2.15,64,"n",0.820159912,1,NA
"202","209#20723#WG1354737-DNA#B07.CEL",14.3,2.05,67,"n",0.681599798,1,NA
"203","210#20723#WG1354737-DNA#B08.CEL",14.1,1.66,58,"n",0.85079339,1,NA
"204","211#20723#WG1354737-DNA#B09.CEL",14.1,1.63,57,"k",0.880162857,1,NA
"205","212#20723#WG1354737-DNA#B10.CEL",14.1,2.2,68,"n",0.699674333,1,NA
"206","213#20723#WG1354737-DNA#B11.CEL",14,2.85,70,"n",0.83090379,1,NA
"207","214#20723#WG1354737-DNA#B12.CEL",13.8,1.06,52,"n",0.753868912,1,NA
"208","215#20723#WG1354737-DNA#C01.CEL",13.7,3.9,76,"n",0.888431258,1,NA
"209","216#20723#WG1354737-DNA#C02.CEL",13.6,1.37,58,"n",0.70216081,1,NA
"210","217#20723#WG1354737-DNA#C03.CEL",13.3,2.14,65,"k",0.779244424,1,NA
"211","218#20723#WG1354737-DNA#C04.CEL",13,3.91,76,"n",0.890709287,1,NA
"212","219#20723#WG1354737-DNA#C05.CEL",12.7,2.71,68,"n",0.861871565,1,NA
"213","220#20723#WG1354737-DNA#C06.CEL",12.7,3.47,76,"k",0.790476017,1,NA
"214","221#20723#WG1354737-DNA#C07.CEL",12.6,2.23,62,"n",0.935685274,1,NA
"215","222#20723#WG1354737-DNA#C08.CEL",12.4,2.54,69,"n",0.773190384,1,NA
"216","223#20723#WG1354737-DNA#C09.CEL",12.2,1.85,60,"n",0.856481481,1,NA
"217","224#20723#WG1354737-DNA#C10.CEL",12.2,4.87,82,"n",0.883257643,1,NA
"218","225#20723#WG1354737-DNA#C11.CEL",12.2,5.62,87,"n",0.853450933,1,NA
"219","226#20723#WG1354737-DNA#C12.CEL",12,1.92,62,"n",0.805612433,1,NA
"220","227#20723#WG1354737-DNA#D01.CEL",11.9,2.18,65,"n",0.793809741,1,NA
"221","228#20723#WG1354737-DNA#D02.CEL",11.9,2.02,61,"n",0.88994233,1,NA
"222","229#20723#WG1354737-DNA#D03.CEL",11.9,2.67,66,"n",0.928708573,1,NA
"223","230#20723#WG1354737-DNA#D04.CEL",11.7,1.79,59,"n",0.87155941,1,NA
"224","231#20723#WG1354737-DNA#D05.CEL",11.6,4.94,84,"n",0.833468308,1,NA
"225","232#20723#WG1354737-DNA#D06.CEL",11.6,2.5,67,"n",0.831219266,1,NA
"226","233#20723#WG1354737-DNA#D07.CEL",11.5,3.39,73,"n",0.871427213,1,NA
"227","234#20723#WG1354737-DNA#D08.CEL",10.9,1.8,55,"n",1.081893313,1,NA
"228","235#20723#WG1354737-DNA#D09.CEL",10.8,2.34,65,"n",0.852071006,1,NA
"229","236#20723#WG1354737-DNA#D10.CEL",10.8,2.1,66,"n",0.730444945,1,NA
"230","237#20723#WG1354737-DNA#D11.CEL",10.7,1.19,52,"n",0.846324533,1,NA
"231","238#20723#WG1354737-DNA#D12.CEL",19.9,1.8,62,"n",0.755261656,2,NA
"232","239#20723#WG1354737-DNA#E01.CEL",18.8,1.23,49,"n",1.04548275,2,NA
"233","240#20723#WG1354737-DNA#E02.CEL",18.7,1.08,54,"k",0.685871056,2,NA
"234","241#20723#WG1354737-DNA#E03.CEL",18.4,0.97,47,"n",0.934282384,2,NA
"235","242#20723#WG1354737-DNA#E04.CEL",17.7,1.71,59,"n",0.832607034,2,NA
"236","243#20723#WG1354737-DNA#E05.CEL",17.3,1.42,61,"k",0.625603024,2,NA
"237","244#20723#WG1354737-DNA#E06.CEL",17.2,1.62,62,"n",0.679735491,2,NA
"238","245#20723#WG1354737-DNA#E07.CEL",16.9,0.93,53,"n",0.624676747,2,NA
"239","246#20723#WG1354737-DNA#E08.CEL",16.9,3.58,84,"k",0.604011446,2,NA
"240","247#20723#WG1354737-DNA#E09.CEL",16.9,1,53,"n",0.671695426,2,NA
"241","248#20723#WG1354737-DNA#E10.CEL",16.9,0.75,47,"k",0.722383287,2,NA
"242","249#20723#WG1354737-DNA#E11.CEL",16.8,1.77,62,"n",0.742673962,2,NA
"243","250#20723#WG1354737-DNA#E12.CEL",16.8,0.61,44,"n",0.71609692,2,NA
"244","251#20723#WG1354737-DNA#F01.CEL",16.7,3.63,76,"n",0.826924479,2,NA
"245","252#20723#WG1354737-DNA#F02.CEL",16.7,0.79,48,"n",0.714337384,2,NA
"246","253#20723#WG1354737-DNA#F03.CEL",16.7,2,61,"n",0.88113102,2,NA
"247","254#20723#WG1354737-DNA#F04.CEL",16.3,1.34,60,"k",0.62037037,2,NA
"248","255#20723#WG1293113-DNA#A06.CEL",16.2,0.65,47,"n",0.626065515,2,NA
"249","256#20723#WG1354737-DNA#F06.CEL",16.2,2.13,68,"n",0.677411968,2,NA
"250","257#20723#WG1354737-DNA#F07.CEL",16,4.04,80,"n",0.7890625,2,NA
"251","258#20723#WG1354737-DNA#F08.CEL",15.8,3.24,73,"n",0.832868486,2,NA
"252","259#20723#WG1354737-DNA#F09.CEL",15.7,1.87,63,"n",0.747859402,2,NA
"253","260#20723#WG1354737-DNA#F10.CEL",15.4,2.02,63,"n",0.807848125,2,NA
"254","261#20723#WG1354737-DNA#F11.CEL",15.4,1.5,59,"n",0.730357047,2,NA
"255","262#20723#WG1354737-DNA#F12.CEL",15,2.55,69,"n",0.776234441,2,NA
"256","263#20723#WG1354737-DNA#G01.CEL",15,1.52,60,"n",0.703703704,2,NA
"257","264#20723#WG1354737-DNA#G02.CEL",14.1,3.09,76,"n",0.70391092,2,NA
"258","265#20723#WG1354737-DNA#G03.CEL",14,2.21,67,"n",0.734797831,2,NA
"259","266#20723#WG1354737-DNA#G04.CEL",13.9,2.27,67,"n",0.754747093,2,NA
"260","267#20723#WG1354737-DNA#G05.CEL",13.9,5,87,"n",0.759297983,2,NA
"261","268#20723#WG1354737-DNA#G06.CEL",13.6,2.94,70,"n",0.857142857,2,NA
"262","269#20723#WG1354737-DNA#G07.CEL",13.6,2.23,64,"n",0.85067749,2,NA
"263","270#20723#WG1354737-DNA#G08.CEL",13.5,4.78,86,"n",0.751506157,2,NA
"264","271#20723#WG1354737-DNA#G09.CEL",13.2,2.2,67,"n",0.731472954,2,NA
"265","272#20723#WG1354737-DNA#G10.CEL",12.1,1.98,62,"n",0.830787822,2,NA
"266","273#20723#WG1354737-DNA#G11.CEL",20.7,1.09,55,"n",0.655146506,3,NA
"267","274#20723#WG1354737-DNA#G12.CEL",20.3,1.07,54,"k",0.679520398,3,NA
"268","275#20723#WG1354737-DNA#H01.CEL",19.4,0.73,46,"k",0.749979453,3,NA
"269","276#20723#WG1354737-DNA#H02.CEL",19.3,3.23,73,"n",0.830297905,3,NA
"270","277#20723#WG1354737-DNA#H03.CEL",18,2.41,62,"n",1.01121144,3,NA
"271","278#20723#WG1354737-DNA#H04.CEL",17.8,3.06,72,"n",0.819830247,3,NA
"272","279#20723#WG1354737-DNA#H05.CEL",17.6,1.37,55,"k",0.823441022,3,NA
"273","280#20723#WG1354737-DNA#H06.CEL",16.9,1.79,63,"k",0.715865417,3,NA
"274","281#20723#WG1354737-DNA#H07.CEL",16.4,1.16,58,"k",0.594530321,3,NA
"275","282#20723#WG1354737-DNA#H08.CEL",16.2,1.31,56,"n",0.7459457,3,NA
"276","283#20723#WG1354737-DNA#H09.CEL",16.2,1.82,62,"n",0.763653452,3,NA
"277","284#20723#WG1354737-DNA#H10.CEL",16.2,1.21,54,"n",0.768429609,3,NA
"278","285#20723#WG1354737-DNA#H11.CEL",16.2,2.1,62,"n",0.881138599,3,NA
"279","286#20723#WG1354738-DNA#A01.CEL",15.8,3.16,72,"n",0.846622085,3,NA
"280","287#20723#WG1354738-DNA#A02.CEL",15.7,1.66,62,"k",0.696519083,3,NA
"281","288#20723#WG1354738-DNA#A03.CEL",15.6,2.61,65,"n",0.950386891,3,NA
"282","289#20723#WG1354738-DNA#A04.CEL",15.6,2.62,68,"n",0.833248524,3,NA
"283","290#20723#WG1354738-DNA#A05.CEL",15.6,1.41,55,"k",0.847483095,3,NA
"284","291#20723#WG1354738-DNA#A06.CEL",15.4,1.12,52,"n",0.796540737,3,NA
"285","292#20723#WG1354738-DNA#A07.CEL",15.4,3.29,71,"n",0.919222935,3,NA
"286","293#20723#WG1354738-DNA#A08.CEL",15.4,2.22,66,"k",0.772184656,3,NA
"287","294#20723#WG1354738-DNA#A09.CEL",15.4,2.77,67,"n",0.920990946,3,NA
"288","295#20723#WG1354738-DNA#A10.CEL",14.1,4.86,85,"n",0.791369835,3,NA
"289","296#20723#WG1354738-DNA#A11.CEL",13.8,3.33,73,"n",0.856003722,3,NA
"290","297#20723#WG1354738-DNA#A12.CEL",13.8,3.7,75,"n",0.877037037,3,NA
"291","298#20723#WG1354738-DNA#B01.CEL",13.4,1.85,60,"n",0.856481481,3,NA
"292","299#20723#WG1354738-DNA#B02.CEL",13.1,1.25,52,"n",0.888996359,3,NA
"293","300#20723#WG1354738-DNA#B03.CEL",13.1,1.82,60,"n",0.842592593,3,NA
"294","301#20723#WG1354738-DNA#B04.CEL",12.8,1.52,55,"n",0.913598798,3,NA
"295","302#20723#WG1354738-DNA#B05.CEL",12.8,4.12,81,"n",0.775250686,3,NA
"296","303#20723#WG1354738-DNA#B06.CEL",NA,332.7,300,"n",1.232222222,NA,NA
"297","304#20723#WG1354738-DNA#B07.CEL",NA,148.5,235,"n",1.144255127,NA,NA
"298","305#20723#WG1354738-DNA#B08.CEL",NA,10.95,105,"n",0.94590217,NA,NA
"299","306#20723#WG1354738-DNA#B09.CEL",NA,12.27,108,"n",0.97403216,NA,NA
"300","307#20723#WG1354738-DNA#B10.CEL",NA,11,109,"n",0.849401828,NA,NA
"301","308#20723#WG1354738-DNA#B11.CEL",NA,10.5,92,"n",1.348421961,NA,NA
"302","309#20723#WG1354738-DNA#B12.CEL",NA,10.1,100,"n",1.01,NA,NA
"303","310#20723#WG1354738-DNA#C01.CEL",NA,7,91,"n",0.928910481,NA,NA
"304","311#20723#WG1354738-DNA#C02.CEL",NA,11.6,101,"n",1.125884572,NA,NA
"305","312#20723#WG1354738-DNA#C03.CEL",NA,4.6,76,"n",1.047893279,NA,NA
"306","313#20723#WG1354738-DNA#C04.CEL",NA,3.4,74,"n",0.83904211,NA,NA
"307","314#20723#WG1354738-DNA#C05.CEL",NA,5.2,83,"n",0.90942956,NA,NA
"308","315#20723#WG1354738-DNA#C06.CEL",NA,3.1,75,"n",0.734814815,NA,NA
"309","316#20723#WG1354738-DNA#C07.CEL",NA,2.62,65,"n",0.95402822,NA,NA
"310","317#20723#WG1354738-DNA#C08.CEL",NA,4.35,80,"n",0.849609375,NA,NA
"311","318#20723#WG1354738-DNA#C09.CEL",NA,32.9,153,"n",0.918589772,NA,NA
"312","319#20723#WG1354738-DNA#C10.CEL",NA,7.8,96,"n",0.881618924,NA,NA
"313","320#20723#WG1354738-DNA#C11.CEL",NA,4.95,77,"n",1.084258969,NA,NA
"314","322#20723#WG1354738-DNA#D01.CEL",NA,4.35,73,"n",1.118203061,NA,NA
"315","323#20723#WG1354738-DNA#D02.CEL",NA,3.4,63,"n",1.359744368,NA,NA
"316","324#20723#WG1354738-DNA#D03.CEL",NA,5.9,80,"n",1.15234375,NA,NA
"317","325#20723#WG1354738-DNA#D04.CEL",NA,4.8,74,"n",1.184530038,NA,NA
"318","326#20723#WG1354738-DNA#D05.CEL",NA,10.47,106,"n",0.879081389,NA,NA
"319","327#20723#WG1354738-DNA#D06.CEL",NA,3.72,74,"n",0.918010779,NA,NA
"320","328#20723#WG1354738-DNA#D07.CEL",NA,4.71,79,"n",0.955299682,NA,NA
"321","329#20723#WG1354738-DNA#D08.CEL",NA,3.6,65,"n",1.310878471,NA,NA
"322","330#20723#WG1354738-DNA#D09.CEL",NA,3.07,69,"n",0.934525386,NA,NA
"323","331#20723#WG1354738-DNA#D10.CEL",NA,5.12,80,"n",1,NA,NA
"324","332#20723#WG1354738-DNA#D11.CEL",NA,6.53,83,"n",1.142033659,NA,NA
"325","333#20723#WG1354738-DNA#D12.CEL",NA,NA,NA,"n",NA,NA,NA
"326","334#20723#WG1354738-DNA#E01.CEL",NA,NA,NA,"n",NA,NA,NA
"327","335#20723#WG1354738-DNA#E02.CEL",NA,NA,NA,"n",NA,NA,NA
"328","336#20723#WG1354738-DNA#E03.CEL",NA,NA,NA,"n",NA,NA,NA
"329","337#20723#WG1354738-DNA#E04.CEL",NA,NA,NA,"n",NA,NA,NA
"330","338#20723#WG1354738-DNA#E05.CEL",NA,NA,NA,"n",NA,NA,NA
"331","339#20723#WG1354738-DNA#E06.CEL",NA,NA,NA,"n",NA,NA,NA
"332","340#20723#WG1354738-DNA#E07.CEL",NA,NA,NA,"n",NA,NA,NA
"333","341#20723#WG1354738-DNA#E08.CEL",NA,NA,NA,"n",NA,NA,NA
"334","342#20723#WG1354738-DNA#E09.CEL",NA,NA,NA,"n",NA,NA,NA
"335","343#20723#WG1354738-DNA#E10.CEL",NA,NA,NA,"n",NA,NA,NA
"336","344#20723#WG1354738-DNA#E11.CEL",NA,NA,NA,"n",NA,NA,NA
"337","345#20723#WG1354738-DNA#E12.CEL",NA,NA,NA,"n",NA,NA,NA
"338","346#20723#WG1354738-DNA#F01.CEL",NA,NA,NA,"n",NA,NA,NA
"339","347#20723#WG1354738-DNA#F02.CEL",NA,NA,NA,"n",NA,NA,NA
"340","348#20723#WG1354738-DNA#F03.CEL",NA,NA,NA,"n",NA,NA,NA
"341","349#20723#WG1354738-DNA#F04.CEL",NA,NA,NA,"n",NA,NA,NA
"342","350#20723#WG1354738-DNA#F05.CEL",NA,NA,NA,"n",NA,NA,NA
"343","351#20723#WG1354738-DNA#F06.CEL",NA,NA,NA,"n",NA,NA,NA
"344","352#20723#WG1354738-DNA#F07.CEL",NA,NA,NA,"n",NA,NA,NA
"345","353#20723#WG1354738-DNA#F08.CEL",NA,NA,NA,"n",NA,NA,NA
"346","354#20723#WG1354738-DNA#F09.CEL",NA,NA,NA,"n",NA,NA,NA
"347","355#20723#WG1354738-DNA#F10.CEL",NA,NA,NA,"n",NA,NA,NA
"348","356#20723#WG1354738-DNA#F11.CEL",NA,NA,NA,"n",NA,NA,NA
"349","357#20723#WG1354738-DNA#F12.CEL",NA,NA,NA,"n",NA,NA,NA
"350","358#20723#WG1354738-DNA#G01.CEL",NA,NA,NA,"n",NA,NA,NA
"351","359#20723#WG1354738-DNA#G02.CEL",11,2.4,65,"n",0.87391898,NA,NA
"352","360#20723#WG1354738-DNA#G03.CEL",10,1.2,50,"n",0.96,NA,NA
"353","361#20723#WG1354738-DNA#G04.CEL",10,1.9,61,"n",0.837074469,NA,NA
"354","362#20723#WG1354738-DNA#G05.CEL",10,2.4,65,"n",0.87391898,NA,NA
"355","363#20723#WG1354738-DNA#G06.CEL",9.9,1.8,59,"n",0.876428457,NA,NA
"356","364#20723#WG1354738-DNA#G07.CEL",9.9,2.1,66,"n",0.730444945,NA,NA
"357","365#20723#WG1354738-DNA#G08.CEL",7.6,4.6,82,"n",0.834288533,NA,NA
"358","366#20723#WG1354738-DNA#G09.CEL",7.5,3.1,74,"n",0.765008983,NA,NA
"359","367#20723#WG1354738-DNA#G10.CEL",7.5,3.3,73,"n",0.848291977,NA,NA
"360","368#20723#WG1354738-DNA#G11.CEL",7,2.1,64,"n",0.801086426,NA,NA
"361","369#20723#WG1354738-DNA#G12.CEL",7,3.4,75,"n",0.805925926,NA,NA
"362","370#20723#WG1354738-DNA#H01.CEL",17.7,39.6,147,"n",1.246646097,NA,NA
"363","371#20723#WG1354738-DNA#H02.CEL",12.4,75.6,185,"n",1.194006278,NA,NA
"364","372#20723#WG1354738-DNA#H03.CEL",12.1,82.3,187,"n",1.258563161,NA,NA
"365","373#20723#WG1354738-DNA#H04.CEL",11.7,46.2,157,"n",1.193831457,NA,NA
"366","374#20723#WG1354738-DNA#H05.CEL",11.2,47.6,156,"n",1.253814124,NA,NA
"367","375#20723#WG1354738-DNA#H06.CEL",11.1,73.1,176,"n",1.34084746,NA,NA
"368","376#20723#WG1354738-DNA#H07.CEL",7.8,44.8,151,"n",1.30120934,NA,NA
"369","377#20723#WG1354738-DNA#H08.CEL",7.7,75.4,175,"n",1.406880466,NA,NA
"370","378#20723#WG1354738-DNA#H09.CEL",7.7,65.6,173,"n",1.266967662,NA,NA
"371","379#20723#WG1354738-DNA#H10.CEL",7.7,84.2,179,"n",1.468091075,NA,NA
"372","380#20723#WG1354738-DNA#H11.CEL",7.7,43.6,150,"n",1.291851852,NA,NA
