probeset_id,Hypoxia ,Weight,Length,Normal/Kinky,Condition Factor,catchability, 
1#20723#WG1354735-DNA#A01.CEL,20.5,1.5,55,n,0.901577761,1,
2#20723#WG1354735-DNA#A02.CEL,19.2,1.17,54,n,0.743026978,1,
3#20723#WG1354735-DNA#A03.CEL,19.2,1.26,59,n,0.61349992,1,
5#20723#WG1354735-DNA#A05.CEL,18.2,1.25,53,k,0.839619283,1,
6#20723#WG1354735-DNA#A06.CEL,18.2,0.92,49,n,0.781987097,1,
7#20723#WG1354735-DNA#A07.CEL,17.9,1.24,54,n,0.787481583,1,
8#20723#WG1354735-DNA#A08.CEL,17.9,0.75,47,n,0.722383287,1,
9#20723#WG1354735-DNA#A09.CEL,17.8,1.02,52,n,0.725421029,1,
10#20723#WG1354735-DNA#A10.CEL,17.8,1.14,52,n,0.810764679,1,
11#20723#WG1354735-DNA#A11.CEL,17.7,1.42,57,n,0.766767642,1,
12#20723#WG1354735-DNA#A12.CEL,17.5,1.58,57,n,0.853163996,1,
13#20723#WG1354735-DNA#B01.CEL,17.5,1.8,63,k,0.719864665,1,
14#20723#WG1354735-DNA#B02.CEL,17.4,1.58,55,k,0.949661908,1,
15#20723#WG1354735-DNA#B03.CEL,17.3,1.8,61,n,0.793017918,1,
16#20723#WG1354735-DNA#B04.CEL,17.3,1.4,52,n,0.995675922,1,
17#20723#WG1354735-DNA#B05.CEL,17.2,1.54,54,n,0.978001321,1,
18#20723#WG1354735-DNA#B06.CEL,17.2,3.29,73,n,0.845721395,1,
19#20723#WG1354735-DNA#B07.CEL,17.1,3.35,76,n,0.763139671,1,
20#20723#WG1354735-DNA#B08.CEL,17,1.73,58,n,0.88667022,1,
21#20723#WG1354735-DNA#B09.CEL,16.9,1.33,51,n,1.002630964,1,
22#20723#WG1354735-DNA#B10.CEL,16.9,2.43,64,n,0.926971436,1,
23#20723#WG1354735-DNA#B11.CEL,16.8,2.69,67,n,0.89439193,1,
24#20723#WG1354735-DNA#B12.CEL,16.8,2.97,70,n,0.865889213,1,
25#20723#WG1354735-DNA#C01.CEL,16.8,1.16,52,n,0.824988621,1,
26#20723#WG1354735-DNA#C02.CEL,16.8,2.16,60,n,1,1,
27#20723#WG1354735-DNA#C03.CEL,16.8,1.58,54,n,1.003403953,1,
28#20723#WG1354735-DNA#C04.CEL,16.8,2.36,65,n,0.859353664,1,
29#20723#WG1354735-DNA#C05.CEL,16.7,1.98,59,n,0.964071302,1,
30#20723#WG1354735-DNA#C06.CEL,16.7,1.71,57,n,0.923361034,1,
31#20723#WG1354735-DNA#C07.CEL,16.7,2.12,60,n,0.981481481,1,
32#20723#WG1354735-DNA#C08.CEL,16.7,0.85,48,n,0.768590856,1,
33#20723#WG1354735-DNA#C09.CEL,16.7,3.06,69,n,0.931481329,1,
34#20723#WG1354735-DNA#C10.CEL,16.6,1.91,63,n,0.763856395,1,
35#20723#WG1293113-DNA#A01.CEL,16.6,4.22,76,n,0.961328182,1,
36#20723#WG1354735-DNA#C12.CEL,16.6,1.52,53,n,1.020977048,1,
37#20723#WG1354735-DNA#D01.CEL,16.6,2.12,59,n,1.03223796,1,
38#20723#WG1354735-DNA#D02.CEL,16.6,1.66,57,n,0.896362174,1,
39#20723#WG1354735-DNA#D03.CEL,16.6,3.06,70,n,0.89212828,1,
40#20723#WG1354735-DNA#D04.CEL,16.6,3.05,68,n,0.970003053,1,
41#20723#WG1354735-DNA#D05.CEL,16.3,1.63,56,n,0.928161443,1,
42#20723#WG1354735-DNA#D06.CEL,16,2.82,70,n,0.822157434,1,
43#20723#WG1354735-DNA#D07.CEL,15.9,3.08,73,n,0.791739178,1,
44#20723#WG1354735-DNA#D08.CEL,15.9,3.8,75,n,0.900740741,1,
45#20723#WG1354735-DNA#D09.CEL,15.7,2.58,65,n,0.939462904,1,
46#20723#WG1354735-DNA#D10.CEL,15.6,4.22,78,n,0.889259765,1,
48#20723#WG1354735-DNA#D12.CEL,15.5,2.65,67,n,0.881092422,1,
49#20723#WG1354735-DNA#E01.CEL,15.5,1.42,61,n,0.625603024,1,
50#20723#WG1354735-DNA#E02.CEL,15.4,4.32,80,n,0.84375,1,
51#20723#WG1354735-DNA#E03.CEL,15.4,3.19,70,n,0.930029155,1,
52#20723#WG1354735-DNA#E04.CEL,15.3,3.3,71,n,0.922016926,1,
53#20723#WG1354735-DNA#E05.CEL,15.3,2.56,64,n,0.9765625,1,
54#20723#WG1354735-DNA#E06.CEL,14.8,1.35,52,n,0.960116067,1,
55#20723#WG1354735-DNA#E07.CEL,14.8,3.36,72,n,0.900205761,1,
56#20723#WG1354735-DNA#E08.CEL,14.8,2,60,n,0.925925926,1,
57#20723#WG1354735-DNA#E09.CEL,14.8,3.01,72,n,0.806434328,1,
58#20723#WG1354735-DNA#E10.CEL,14.8,2.08,62,n,0.872746803,1,
59#20723#WG1354735-DNA#E11.CEL,14.7,6.3,93,n,0.78323431,1,
60#20723#WG1354735-DNA#E12.CEL,14.7,3.23,73,n,0.830297905,1,
61#20723#WG1354735-DNA#F01.CEL,14.7,3.9,78,n,0.821827745,1,
62#20723#WG1354735-DNA#F02.CEL,14.7,2.49,67,n,0.827894389,1,
63#20723#WG1354735-DNA#F03.CEL,14.6,4.2,78,n,0.885045264,1,
64#20723#WG1354735-DNA#F04.CEL,13.8,4.69,82,n,0.85061157,1,
65#20723#WG1354735-DNA#F05.CEL,13.8,3.36,72,n,0.900205761,1,
66#20723#WG1354735-DNA#F06.CEL,13.6,3.77,76,n,0.858816883,1,
67#20723#WG1354735-DNA#F07.CEL,13.6,2.15,65,n,0.782885753,1,
68#20723#WG1354735-DNA#F08.CEL,13.5,1.79,61,n,0.788612263,1,
69#20723#WG1354735-DNA#F09.CEL,13.5,2.44,65,n,0.888484297,1,
70#20723#WG1354735-DNA#F10.CEL,13.4,2.97,68,n,0.94456035,1,
71#20723#WG1354735-DNA#F11.CEL,13.2,2.87,68,n,0.912756971,1,
72#20723#WG1354735-DNA#F12.CEL,13.1,2.98,61,n,1.312885219,1,
73#20723#WG1354735-DNA#G01.CEL,13,2.44,68,n,0.776002442,1,
74#20723#WG1354735-DNA#G02.CEL,12.6,4.91,81,n,0.923903124,1,
75#20723#WG1354735-DNA#G03.CEL,12.6,5.86,82,n,1.062811045,1,
76#20723#WG1354735-DNA#G04.CEL,12.4,2.79,70,n,0.813411079,1,
77#20723#WG1354735-DNA#G05.CEL,12.4,2.58,65,n,0.939462904,1,
78#20723#WG1354735-DNA#G06.CEL,11.7,3.88,68,n,1.233971097,1,
79#20723#WG1354735-DNA#G07.CEL,11.2,1.95,61,n,0.859102744,1,
80#20723#WG1354735-DNA#G08.CEL,10.3,2.37,61,n,1.044140258,1,
81#20723#WG1354735-DNA#G09.CEL,18.7,1.25,50,n,1,2,
82#20723#WG1354735-DNA#G10.CEL,18.5,2.22,60,n,1.027777778,2,
83#20723#WG1354735-DNA#G11.CEL,18.2,1.59,57,n,0.858563769,2,
84#20723#WG1354735-DNA#G12.CEL,17.5,3.67,72,n,0.98326046,2,
85#20723#WG1354735-DNA#H01.CEL,17.3,1.18,53,n,0.792600603,2,
86#20723#WG1354735-DNA#H02.CEL,17.3,2.79,68,n,0.887314268,2,
87#20723#WG1354735-DNA#H03.CEL,16.8,1.96,63,n,0.783852636,2,
88#20723#WG1354735-DNA#H04.CEL,16.7,1.38,54,n,0.876390794,2,
89#20723#WG1354735-DNA#H05.CEL,16.7,1.39,53,n,0.933656643,2,
90#20723#WG1354735-DNA#H06.CEL,16.7,4.58,75,n,1.08562963,2,
91#20723#WG1354735-DNA#H07.CEL,16.7,1.78,57,n,0.961159439,2,
92#20723#WG1354735-DNA#H08.CEL,16.7,2.07,62,n,0.868550905,2,
93#20723#WG1354735-DNA#H09.CEL,16.6,2.84,69,n,0.864512083,2,
94#20723#WG1354735-DNA#H10.CEL,16.6,1.65,55,n,0.991735537,2,
95#20723#WG1354735-DNA#H11.CEL,16.6,1.92,60,n,0.888888889,2,
96#20723#WG1354736-DNA#A01.CEL,16.6,2.97,68,n,0.94456035,2,
97#20723#WG1354736-DNA#A02.CEL,16.6,2.48,70,n,0.72303207,2,
98#20723#WG1354736-DNA#A03.CEL,16.6,1.73,56,n,0.985103863,2,
99#20723#WG1354736-DNA#A04.CEL,16.6,2.19,63,n,0.875835343,2,
100#20723#WG1354736-DNA#A05.CEL,16.6,2.54,64,n,0.968933105,2,
101#20723#WG1354736-DNA#A06.CEL,16.6,2.76,65,n,1.005006827,2,
102#20723#WG1354736-DNA#A07.CEL,16.5,2.2,61,n,0.969244122,2,
103#20723#WG1354736-DNA#A08.CEL,16.4,1.93,60,n,0.893518519,2,
104#20723#WG1354736-DNA#A09.CEL,16.3,2.07,62,n,0.868550905,2,
105#20723#WG1354736-DNA#A10.CEL,16.2,3.4,70,n,0.991253644,2,
106#20723#WG1354736-DNA#A11.CEL,16.1,2.22,62,n,0.931489376,2,
107#20723#WG1354736-DNA#A12.CEL,16.1,3.66,71,n,1.022600591,2,
108#20723#WG1354736-DNA#B01.CEL,16,2.59,66,n,0.900882099,2,
109#20723#WG1354736-DNA#B02.CEL,15.8,3.8,74,n,0.937752947,2,
110#20723#WG1354736-DNA#B03.CEL,15.7,2.09,61,n,0.920781916,2,
111#20723#WG1354736-DNA#B04.CEL,15.1,1.98,56,n,1.127459913,2,
112#20723#WG1354736-DNA#B05.CEL,14.9,3.11,71,n,0.868931103,2,
113#20723#WG1354736-DNA#B06.CEL,14.9,3.7,73,n,0.951115247,2,
114#20723#WG1354736-DNA#B07.CEL,14.2,2.79,69,n,0.8492918,2,
115#20723#WG1293113-DNA#A02.CEL,14,2.45,63,n,0.979815795,2,
116#20723#WG1354736-DNA#B09.CEL,13.2,4.16,72,n,1.114540466,2,
117#20723#WG1354736-DNA#B10.CEL,12.9,2.89,71,n,0.807463308,2,
118#20723#WG1354736-DNA#B11.CEL,12.9,2.62,62,n,1.0993253,2,
119#20723#WG1354736-DNA#B12.CEL,19,1.94,61,k,0.854697089,3,
121#20723#WG1354736-DNA#C02.CEL,17,4.85,85,n,0.789741502,3,
122#20723#WG1354736-DNA#C03.CEL,17,1,51,n,0.753857868,3,
123#20723#WG1354736-DNA#C04.CEL,16.9,2.79,68,n,0.887314268,3,
124#20723#WG1354736-DNA#C05.CEL,15.9,1.72,60,k,0.796296296,3,
125#20723#WG1354736-DNA#C06.CEL,15.7,1.52,58,n,0.779039731,3,
126#20723#WG1354736-DNA#C07.CEL,15.5,3.31,75,k,0.784592593,3,
127#20723#WG1354736-DNA#C08.CEL,15.5,1.59,56,n,0.905384475,3,
128#20723#WG1354736-DNA#C09.CEL,15.5,3.52,74,n,0.868655361,3,
129#20723#WG1354736-DNA#C10.CEL,15.5,3.38,75,n,0.801185185,3,
130#20723#WG1354736-DNA#C11.CEL,15.5,1.75,60,n,0.810185185,3,
132#20723#WG1354736-DNA#D01.CEL,15.1,2.69,68,n,0.855510889,3,
133#20723#WG1354736-DNA#D02.CEL,15,1.59,60,n,0.736111111,3,
134#20723#WG1354736-DNA#D03.CEL,14.9,4.21,77,n,0.922167729,3,
135#20723#WG1354736-DNA#D04.CEL,14.8,2.43,70,n,0.70845481,3,
136#20723#WG1354736-DNA#D05.CEL,14.8,2.38,68,n,0.756920415,3,
137#20723#WG1354736-DNA#D06.CEL,14.8,1.88,60,n,0.87037037,3,
138#20723#WG1354736-DNA#D07.CEL,14.5,1.93,60,n,0.893518519,3,
139#20723#WG1354736-DNA#D08.CEL,14.4,3.74,71,n,1.044952516,3,
140#20723#WG1354736-DNA#D09.CEL,14.4,3.24,74,n,0.799557775,3,
141#20723#WG1354736-DNA#D10.CEL,14.4,2.43,65,n,0.884842968,3,
142#20723#WG1354736-DNA#D11.CEL,13.9,1.96,58,n,1.004551232,3,
143#20723#WG1354736-DNA#D12.CEL,13.7,3.05,76,n,0.694798804,3,
144#20723#WG1354736-DNA#E01.CEL,13.7,1.53,60,n,0.708333333,3,
145#20723#WG1354736-DNA#E02.CEL,13.4,2.28,65,n,0.830223031,3,
146#20723#WG1354736-DNA#E03.CEL,13.4,3.63,76,n,0.826924479,3,
148#20723#WG1354736-DNA#E05.CEL,13.1,2.75,67,n,0.914341192,3,
149#20723#WG1354736-DNA#E06.CEL,13,1.34,54,n,0.850988162,3,
150#20723#WG1354736-DNA#E07.CEL,13,3.62,75,n,0.858074074,3,
151#20723#WG1354736-DNA#E08.CEL,12.9,2.7,79,n,0.547624022,3,
152#20723#WG1354736-DNA#E09.CEL,12.8,2.32,67,n,0.771371479,3,
153#20723#WG1354736-DNA#E10.CEL,12.8,1.95,63,n,0.779853388,3,
154#20723#WG1354736-DNA#E11.CEL,12.4,1.49,57,n,0.804566047,3,
155#20723#WG1354736-DNA#E12.CEL,11.8,4.2,79,n,0.851859589,3,
156#20723#WG1354736-DNA#F01.CEL,11.8,3.36,75,n,0.796444444,3,
157#20723#WG1354736-DNA#F02.CEL,11.7,4.53,81,n,0.85239942,3,
158#20723#WG1354736-DNA#F03.CEL,11.4,5.3,81,n,0.997288504,3,
160#20723#WG1354736-DNA#F05.CEL,11.3,2.35,65,n,0.855712335,3,
161#20723#WG1354736-DNA#F06.CEL,11.2,3.35,73,n,0.861144886,3,
162#20723#WG1354736-DNA#F07.CEL,11.2,1.86,61,n,0.819451848,3,
163#20723#WG1354736-DNA#F08.CEL,11,3.32,74,n,0.819299943,3,
164#20723#WG1354736-DNA#F09.CEL,11,2.1,62,n,0.881138599,3,
166#20723#WG1354736-DNA#F11.CEL,11,2.7,68,n,0.858691227,3,
167#20723#WG1354736-DNA#F12.CEL,10.9,2.44,66,n,0.84870746,3,
168#20723#WG1354736-DNA#G01.CEL,9.9,1.68,58,n,0.861043913,3,
169#20723#WG1354736-DNA#G02.CEL,9.7,2.15,63,n,0.85983835,3,
170#20723#WG1354736-DNA#G03.CEL,19.7,1.31,55,k,0.787377911,1,
171#20723#WG1354736-DNA#G04.CEL,19.5,1.06,51,n,0.79908934,1,
172#20723#WG1354736-DNA#G05.CEL,19.3,1.2,53,n,0.806034512,1,
173#20723#WG1354736-DNA#G06.CEL,18.7,1.63,60,n,0.75462963,1,
174#20723#WG1354736-DNA#G07.CEL,18.1,1.05,52,n,0.746756941,1,
175#20723#WG1354736-DNA#G08.CEL,17.9,1.75,60,n,0.810185185,1,
176#20723#WG1354736-DNA#G09.CEL,17.7,0.43,39,n,0.724894216,1,
177#20723#WG1354736-DNA#G10.CEL,17.7,0.68,45,n,0.746227709,1,
178#20723#WG1354736-DNA#G11.CEL,17.6,1.23,49,k,1.04548275,1,
179#20723#WG1354736-DNA#G12.CEL,17.6,1.24,50,n,0.992,1,
180#20723#WG1354736-DNA#H01.CEL,17.6,1.27,52,n,0.9032203,1,
181#20723#WG1293113-DNA#A03.CEL,16.5,1.33,56,k,0.757334184,1,
182#20723#WG1354736-DNA#H03.CEL,16.3,3.7,79,k,0.750447733,1,
183#20723#WG1354736-DNA#H04.CEL,16.3,1.95,60,n,0.902777778,1,
184#20723#WG1354736-DNA#H05.CEL,16.3,0.92,46,n,0.945179584,1,
185#20723#WG1354736-DNA#H06.CEL,16.2,2.67,66,n,0.928708573,1,
186#20723#WG1354736-DNA#H07.CEL,16.1,1.83,63,k,0.73186241,1,
187#20723#WG1354736-DNA#H08.CEL,16.1,1.09,50,n,0.872,1,
188#20723#WG1354736-DNA#H09.CEL,16.1,0.95,54,k,0.603312503,1,
189#20723#WG1354736-DNA#H10.CEL,16,2.9,74,n,0.715653564,1,
190#20723#WG1354736-DNA#H11.CEL,15.7,1.46,59,k,0.710880859,1,
191#20723#WG1354737-DNA#A01.CEL,15.7,1.22,48,n,1.103153935,1,
192#20723#WG1293113-DNA#A04.CEL,15.6,1.08,52,n,0.768092854,1,
193#20723#WG1354737-DNA#A03.CEL,15.4,1.59,58,n,0.814916561,1,
194#20723#WG1354737-DNA#A04.CEL,15.4,2.69,66,n,0.935665192,1,
195#20723#WG1354737-DNA#A05.CEL,15.3,1.1,52,k,0.782316796,1,
196#20723#WG1354737-DNA#A06.CEL,15.3,1.09,52,n,0.775204825,1,
197#20723#WG1354737-DNA#A07.CEL,15.3,1.19,48,n,1.076027199,1,
198#20723#WG1354737-DNA#A08.CEL,15.3,1.95,63,k,0.779853388,1,
199#20723#WG1354737-DNA#A09.CEL,15.3,3.5,76,k,0.797310104,1,
200#20723#WG1354737-DNA#A10.CEL,15.3,1.49,56,k,0.848442055,1,
201#20723#WG1293113-DNA#A05.CEL,15.3,1.41,53,n,0.947090551,1,
202#20723#WG1354737-DNA#A12.CEL,15,1.36,53,k,0.91350578,1,
203#20723#WG1354737-DNA#B01.CEL,14.9,5.05,85,n,0.822308162,1,
204#20723#WG1354737-DNA#B02.CEL,14.8,0.72,42,n,0.971817298,1,
205#20723#WG1354737-DNA#B03.CEL,14.7,2.42,67,k,0.804620249,1,
206#20723#WG1354737-DNA#B04.CEL,14.6,5.25,85,n,0.854874822,1,
207#20723#WG1354737-DNA#B05.CEL,14.6,1.95,59,k,0.949464161,1,
208#20723#WG1354737-DNA#B06.CEL,14.3,2.15,64,n,0.820159912,1,
209#20723#WG1354737-DNA#B07.CEL,14.3,2.05,67,n,0.681599798,1,
210#20723#WG1354737-DNA#B08.CEL,14.1,1.66,58,n,0.85079339,1,
211#20723#WG1354737-DNA#B09.CEL,14.1,1.63,57,k,0.880162857,1,
212#20723#WG1354737-DNA#B10.CEL,14.1,2.2,68,n,0.699674333,1,
213#20723#WG1354737-DNA#B11.CEL,14,2.85,70,n,0.83090379,1,
214#20723#WG1354737-DNA#B12.CEL,13.8,1.06,52,n,0.753868912,1,
215#20723#WG1354737-DNA#C01.CEL,13.7,3.9,76,n,0.888431258,1,
216#20723#WG1354737-DNA#C02.CEL,13.6,1.37,58,n,0.70216081,1,
217#20723#WG1354737-DNA#C03.CEL,13.3,2.14,65,k,0.779244424,1,
218#20723#WG1354737-DNA#C04.CEL,13,3.91,76,n,0.890709287,1,
219#20723#WG1354737-DNA#C05.CEL,12.7,2.71,68,n,0.861871565,1,
220#20723#WG1354737-DNA#C06.CEL,12.7,3.47,76,k,0.790476017,1,
221#20723#WG1354737-DNA#C07.CEL,12.6,2.23,62,n,0.935685274,1,
222#20723#WG1354737-DNA#C08.CEL,12.4,2.54,69,n,0.773190384,1,
223#20723#WG1354737-DNA#C09.CEL,12.2,1.85,60,n,0.856481481,1,
224#20723#WG1354737-DNA#C10.CEL,12.2,4.87,82,n,0.883257643,1,
225#20723#WG1354737-DNA#C11.CEL,12.2,5.62,87,n,0.853450933,1,
226#20723#WG1354737-DNA#C12.CEL,12,1.92,62,n,0.805612433,1,
227#20723#WG1354737-DNA#D01.CEL,11.9,2.18,65,n,0.793809741,1,
228#20723#WG1354737-DNA#D02.CEL,11.9,2.02,61,n,0.88994233,1,
229#20723#WG1354737-DNA#D03.CEL,11.9,2.67,66,n,0.928708573,1,
230#20723#WG1354737-DNA#D04.CEL,11.7,1.79,59,n,0.87155941,1,
231#20723#WG1354737-DNA#D05.CEL,11.6,4.94,84,n,0.833468308,1,
232#20723#WG1354737-DNA#D06.CEL,11.6,2.5,67,n,0.831219266,1,
233#20723#WG1354737-DNA#D07.CEL,11.5,3.39,73,n,0.871427213,1,
234#20723#WG1354737-DNA#D08.CEL,10.9,1.8,55,n,1.081893313,1,
235#20723#WG1354737-DNA#D09.CEL,10.8,2.34,65,n,0.852071006,1,
236#20723#WG1354737-DNA#D10.CEL,10.8,2.1,66,n,0.730444945,1,
237#20723#WG1354737-DNA#D11.CEL,10.7,1.19,52,n,0.846324533,1,
238#20723#WG1354737-DNA#D12.CEL,19.9,1.8,62,n,0.755261656,2,
239#20723#WG1354737-DNA#E01.CEL,18.8,1.23,49,n,1.04548275,2,
240#20723#WG1354737-DNA#E02.CEL,18.7,1.08,54,k,0.685871056,2,
241#20723#WG1354737-DNA#E03.CEL,18.4,0.97,47,n,0.934282384,2,
242#20723#WG1354737-DNA#E04.CEL,17.7,1.71,59,n,0.832607034,2,
243#20723#WG1354737-DNA#E05.CEL,17.3,1.42,61,k,0.625603024,2,
244#20723#WG1354737-DNA#E06.CEL,17.2,1.62,62,n,0.679735491,2,
245#20723#WG1354737-DNA#E07.CEL,16.9,0.93,53,n,0.624676747,2,
246#20723#WG1354737-DNA#E08.CEL,16.9,3.58,84,k,0.604011446,2,
247#20723#WG1354737-DNA#E09.CEL,16.9,1,53,n,0.671695426,2,
248#20723#WG1354737-DNA#E10.CEL,16.9,0.75,47,k,0.722383287,2,
249#20723#WG1354737-DNA#E11.CEL,16.8,1.77,62,n,0.742673962,2,
250#20723#WG1354737-DNA#E12.CEL,16.8,0.61,44,n,0.71609692,2,
251#20723#WG1354737-DNA#F01.CEL,16.7,3.63,76,n,0.826924479,2,
252#20723#WG1354737-DNA#F02.CEL,16.7,0.79,48,n,0.714337384,2,
253#20723#WG1354737-DNA#F03.CEL,16.7,2,61,n,0.88113102,2,
254#20723#WG1354737-DNA#F04.CEL,16.3,1.34,60,k,0.62037037,2,
255#20723#WG1293113-DNA#A06.CEL,16.2,0.65,47,n,0.626065515,2,
256#20723#WG1354737-DNA#F06.CEL,16.2,2.13,68,n,0.677411968,2,
257#20723#WG1354737-DNA#F07.CEL,16,4.04,80,n,0.7890625,2,
258#20723#WG1354737-DNA#F08.CEL,15.8,3.24,73,n,0.832868486,2,
259#20723#WG1354737-DNA#F09.CEL,15.7,1.87,63,n,0.747859402,2,
260#20723#WG1354737-DNA#F10.CEL,15.4,2.02,63,n,0.807848125,2,
261#20723#WG1354737-DNA#F11.CEL,15.4,1.5,59,n,0.730357047,2,
262#20723#WG1354737-DNA#F12.CEL,15,2.55,69,n,0.776234441,2,
263#20723#WG1354737-DNA#G01.CEL,15,1.52,60,n,0.703703704,2,
264#20723#WG1354737-DNA#G02.CEL,14.1,3.09,76,n,0.70391092,2,
265#20723#WG1354737-DNA#G03.CEL,14,2.21,67,n,0.734797831,2,
266#20723#WG1354737-DNA#G04.CEL,13.9,2.27,67,n,0.754747093,2,
267#20723#WG1354737-DNA#G05.CEL,13.9,5,87,n,0.759297983,2,
268#20723#WG1354737-DNA#G06.CEL,13.6,2.94,70,n,0.857142857,2,
269#20723#WG1354737-DNA#G07.CEL,13.6,2.23,64,n,0.85067749,2,
270#20723#WG1354737-DNA#G08.CEL,13.5,4.78,86,n,0.751506157,2,
271#20723#WG1354737-DNA#G09.CEL,13.2,2.2,67,n,0.731472954,2,
272#20723#WG1354737-DNA#G10.CEL,12.1,1.98,62,n,0.830787822,2,
273#20723#WG1354737-DNA#G11.CEL,20.7,1.09,55,n,0.655146506,3,
274#20723#WG1354737-DNA#G12.CEL,20.3,1.07,54,k,0.679520398,3,
275#20723#WG1354737-DNA#H01.CEL,19.4,0.73,46,k,0.749979453,3,
276#20723#WG1354737-DNA#H02.CEL,19.3,3.23,73,n,0.830297905,3,
277#20723#WG1354737-DNA#H03.CEL,18,2.41,62,n,1.01121144,3,
278#20723#WG1354737-DNA#H04.CEL,17.8,3.06,72,n,0.819830247,3,
279#20723#WG1354737-DNA#H05.CEL,17.6,1.37,55,k,0.823441022,3,
280#20723#WG1354737-DNA#H06.CEL,16.9,1.79,63,k,0.715865417,3,
281#20723#WG1354737-DNA#H07.CEL,16.4,1.16,58,k,0.594530321,3,
282#20723#WG1354737-DNA#H08.CEL,16.2,1.31,56,n,0.7459457,3,
283#20723#WG1354737-DNA#H09.CEL,16.2,1.82,62,n,0.763653452,3,
284#20723#WG1354737-DNA#H10.CEL,16.2,1.21,54,n,0.768429609,3,
285#20723#WG1354737-DNA#H11.CEL,16.2,2.1,62,n,0.881138599,3,
286#20723#WG1354738-DNA#A01.CEL,15.8,3.16,72,n,0.846622085,3,
287#20723#WG1354738-DNA#A02.CEL,15.7,1.66,62,k,0.696519083,3,
288#20723#WG1354738-DNA#A03.CEL,15.6,2.61,65,n,0.950386891,3,
289#20723#WG1354738-DNA#A04.CEL,15.6,2.62,68,n,0.833248524,3,
290#20723#WG1354738-DNA#A05.CEL,15.6,1.41,55,k,0.847483095,3,
291#20723#WG1354738-DNA#A06.CEL,15.4,1.12,52,n,0.796540737,3,
292#20723#WG1354738-DNA#A07.CEL,15.4,3.29,71,n,0.919222935,3,
293#20723#WG1354738-DNA#A08.CEL,15.4,2.22,66,k,0.772184656,3,
294#20723#WG1354738-DNA#A09.CEL,15.4,2.77,67,n,0.920990946,3,
295#20723#WG1354738-DNA#A10.CEL,14.1,4.86,85,n,0.791369835,3,
296#20723#WG1354738-DNA#A11.CEL,13.8,3.33,73,n,0.856003722,3,
297#20723#WG1354738-DNA#A12.CEL,13.8,3.7,75,n,0.877037037,3,
298#20723#WG1354738-DNA#B01.CEL,13.4,1.85,60,n,0.856481481,3,
299#20723#WG1354738-DNA#B02.CEL,13.1,1.25,52,n,0.888996359,3,
300#20723#WG1354738-DNA#B03.CEL,13.1,1.82,60,n,0.842592593,3,
301#20723#WG1354738-DNA#B04.CEL,12.8,1.52,55,n,0.913598798,3,
302#20723#WG1354738-DNA#B05.CEL,12.8,4.12,81,n,0.775250686,3,
303#20723#WG1354738-DNA#B06.CEL,,332.7,300,n,1.232222222,,
304#20723#WG1354738-DNA#B07.CEL,,148.5,235,n,1.144255127,,
305#20723#WG1354738-DNA#B08.CEL,,10.95,105,n,0.94590217,,
306#20723#WG1354738-DNA#B09.CEL,,12.27,108,n,0.97403216,,
307#20723#WG1354738-DNA#B10.CEL,,11,109,n,0.849401828,,
308#20723#WG1354738-DNA#B11.CEL,,10.5,92,n,1.348421961,,
309#20723#WG1354738-DNA#B12.CEL,,10.1,100,n,1.01,,
310#20723#WG1354738-DNA#C01.CEL,,7,91,n,0.928910481,,
311#20723#WG1354738-DNA#C02.CEL,,11.6,101,n,1.125884572,,
312#20723#WG1354738-DNA#C03.CEL,,4.6,76,n,1.047893279,,
313#20723#WG1354738-DNA#C04.CEL,,3.4,74,n,0.83904211,,
314#20723#WG1354738-DNA#C05.CEL,,5.2,83,n,0.90942956,,
315#20723#WG1354738-DNA#C06.CEL,,3.1,75,n,0.734814815,,
316#20723#WG1354738-DNA#C07.CEL,,2.62,65,n,0.95402822,,
317#20723#WG1354738-DNA#C08.CEL,,4.35,80,n,0.849609375,,
318#20723#WG1354738-DNA#C09.CEL,,32.9,153,n,0.918589772,,
319#20723#WG1354738-DNA#C10.CEL,,7.8,96,n,0.881618924,,
320#20723#WG1354738-DNA#C11.CEL,,4.95,77,n,1.084258969,,
322#20723#WG1354738-DNA#D01.CEL,,4.35,73,n,1.118203061,,
323#20723#WG1354738-DNA#D02.CEL,,3.4,63,n,1.359744368,,
324#20723#WG1354738-DNA#D03.CEL,,5.9,80,n,1.15234375,,
325#20723#WG1354738-DNA#D04.CEL,,4.8,74,n,1.184530038,,
326#20723#WG1354738-DNA#D05.CEL,,10.47,106,n,0.879081389,,
327#20723#WG1354738-DNA#D06.CEL,,3.72,74,n,0.918010779,,
328#20723#WG1354738-DNA#D07.CEL,,4.71,79,n,0.955299682,,
329#20723#WG1354738-DNA#D08.CEL,,3.6,65,n,1.310878471,,
330#20723#WG1354738-DNA#D09.CEL,,3.07,69,n,0.934525386,,
331#20723#WG1354738-DNA#D10.CEL,,5.12,80,n,1,,
332#20723#WG1354738-DNA#D11.CEL,,6.53,83,n,1.142033659,,
333#20723#WG1354738-DNA#D12.CEL,,,,n,,,
334#20723#WG1354738-DNA#E01.CEL,,,,n,,,
335#20723#WG1354738-DNA#E02.CEL,,,,n,,,
336#20723#WG1354738-DNA#E03.CEL,,,,n,,,
337#20723#WG1354738-DNA#E04.CEL,,,,n,,,
338#20723#WG1354738-DNA#E05.CEL,,,,n,,,
339#20723#WG1354738-DNA#E06.CEL,,,,n,,,
340#20723#WG1354738-DNA#E07.CEL,,,,n,,,
341#20723#WG1354738-DNA#E08.CEL,,,,n,,,
342#20723#WG1354738-DNA#E09.CEL,,,,n,,,
343#20723#WG1354738-DNA#E10.CEL,,,,n,,,
344#20723#WG1354738-DNA#E11.CEL,,,,n,,,
345#20723#WG1354738-DNA#E12.CEL,,,,n,,,
346#20723#WG1354738-DNA#F01.CEL,,,,n,,,
347#20723#WG1354738-DNA#F02.CEL,,,,n,,,
348#20723#WG1354738-DNA#F03.CEL,,,,n,,,
349#20723#WG1354738-DNA#F04.CEL,,,,n,,,
350#20723#WG1354738-DNA#F05.CEL,,,,n,,,
351#20723#WG1354738-DNA#F06.CEL,,,,n,,,
352#20723#WG1354738-DNA#F07.CEL,,,,n,,,
353#20723#WG1354738-DNA#F08.CEL,,,,n,,,
354#20723#WG1354738-DNA#F09.CEL,,,,n,,,
355#20723#WG1354738-DNA#F10.CEL,,,,n,,,
356#20723#WG1354738-DNA#F11.CEL,,,,n,,,
357#20723#WG1354738-DNA#F12.CEL,,,,n,,,
358#20723#WG1354738-DNA#G01.CEL,,,,n,,,
359#20723#WG1354738-DNA#G02.CEL,11,2.4,65,n,0.87391898,,
360#20723#WG1354738-DNA#G03.CEL,10,1.2,50,n,0.96,,
361#20723#WG1354738-DNA#G04.CEL,10,1.9,61,n,0.837074469,,
362#20723#WG1354738-DNA#G05.CEL,10,2.4,65,n,0.87391898,,
363#20723#WG1354738-DNA#G06.CEL,9.9,1.8,59,n,0.876428457,,
364#20723#WG1354738-DNA#G07.CEL,9.9,2.1,66,n,0.730444945,,
365#20723#WG1354738-DNA#G08.CEL,7.6,4.6,82,n,0.834288533,,
366#20723#WG1354738-DNA#G09.CEL,7.5,3.1,74,n,0.765008983,,
367#20723#WG1354738-DNA#G10.CEL,7.5,3.3,73,n,0.848291977,,
368#20723#WG1354738-DNA#G11.CEL,7,2.1,64,n,0.801086426,,
369#20723#WG1354738-DNA#G12.CEL,7,3.4,75,n,0.805925926,,
370#20723#WG1354738-DNA#H01.CEL,17.7,39.6,147,n,1.246646097,,
371#20723#WG1354738-DNA#H02.CEL,12.4,75.6,185,n,1.194006278,,
372#20723#WG1354738-DNA#H03.CEL,12.1,82.3,187,n,1.258563161,,
373#20723#WG1354738-DNA#H04.CEL,11.7,46.2,157,n,1.193831457,,
374#20723#WG1354738-DNA#H05.CEL,11.2,47.6,156,n,1.253814124,,
375#20723#WG1354738-DNA#H06.CEL,11.1,73.1,176,n,1.34084746,,
376#20723#WG1354738-DNA#H07.CEL,7.8,44.8,151,n,1.30120934,,
377#20723#WG1354738-DNA#H08.CEL,7.7,75.4,175,n,1.406880466,,
378#20723#WG1354738-DNA#H09.CEL,7.7,65.6,173,n,1.266967662,,
379#20723#WG1354738-DNA#H10.CEL,7.7,84.2,179,n,1.468091075,,
380#20723#WG1354738-DNA#H11.CEL,7.7,43.6,150,n,1.291851852,,